{
  "fire_type_accuracy": [
    0.4285714328289032,
    0.6071428656578064,
    0.4642857015132904,
    0.5357142686843872,
    0.5
  ],
  "fire_type_loss": [
    1.2966684103012085,
    0.9116925001144409,
    1.060809850692749,
    0.9796851873397827,
    1.381136417388916
  ],
  "ignition_cause_accuracy": [
    0.2857142984867096,
    0.7857142686843872,
    0.8214285969734192,
    0.8214285969734192,
    0.7857142686843872
  ],
  "ignition_cause_loss": [
    1.5270531177520752,
    0.7042962312698364,
    0.8525574803352356,
    0.5943766236305237,
    0.7072017788887024
  ],
  "loss": [
    4.871189117431641,
    3.450202703475952,
    3.925820827484131,
    3.3026516437530518,
    3.8724400997161865
  ],
  "size_category_accuracy": [
    0.2142857164144516,
    0.4642857015132904,
    0.4285714328289032,
    0.6071428656578064,
    0.5357142686843872
  ],
  "size_category_loss": [
    1.5321600437164307,
    1.2370290756225586,
    1.5872541666030884,
    1.0854963064193726,
    1.366491436958313
  ],
  "state_accuracy": [
    0.6428571343421936,
    0.7857142686843872,
    0.7857142686843872,
    0.7857142686843872,
    0.7857142686843872
  ],
  "state_loss": [
    0.9191966652870178,
    0.7586284875869751,
    0.8286973834037781,
    0.9369535446166992,
    0.8264856338500977
  ],
  "val_fire_type_accuracy": [
    0.4285714328289032,
    0.4285714328289032,
    0.4285714328289032,
    0.4285714328289032,
    0.4285714328289032
  ],
  "val_fire_type_loss": [
    1.0951592922210693,
    1.0852508544921875,
    1.083775520324707,
    1.1055405139923096,
    1.1302449703216553
  ],
  "val_ignition_cause_accuracy": [
    0.7142857313156128,
    0.7142857313156128,
    0.7142857313156128,
    0.7142857313156128,
    0.7142857313156128
  ],
  "val_ignition_cause_loss": [
    1.3527799844741821,
    1.2663065195083618,
    1.094092607498169,
    0.9745060801506042,
    0.9174137115478516
  ],
  "val_loss": [
    4.787890434265137,
    4.58780574798584,
    4.322856903076172,
    4.226280212402344,
    4.170269012451172
  ],
  "val_size_category_accuracy": [
    0.1428571492433548,
    0.1428571492433548,
    0.1428571492433548,
    0.1428571492433548,
    0.1428571492433548
  ],
  "val_size_category_loss": [
    1.3790472745895386,
    1.377979040145874,
    1.3982776403427124,
    1.4614211320877075,
    1.5467031002044678
  ],
  "val_state_accuracy": [
    0.7142857313156128,
    0.7142857313156128,
    0.7142857313156128,
    0.7142857313156128,
    0.7142857313156128
  ],
  "val_state_loss": [
    1.5458914041519165,
    1.4173316955566406,
    1.2829580307006836,
    1.2213706970214844,
    1.1065595149993896
  ],
  "learning_rate": [
    0.0010000000474974513,
    0.0010000000474974513,
    0.0010000000474974513,
    0.0010000000474974513,
    0.0010000000474974513
  ]
}